Workbook

Sheet Storage
A1: Resource | B1: Zone | C1: Model | D1: New_Build | E1: Can_Retire | F1: Existing_Cap_MW | G1: Existing_Cap_MWh | H1: Max_Cap_MW | I1: Max_Cap_MWh | J1: Inv_Cost_per_MWyr | K1: Inv_Cost_per_MWhyr | L1: Fixed_OM_Cost_per_MWyr | M1: Fixed_OM_Cost_per_MWhyr | N1: Min_Cap_MW | O1: Min_Cap_MWh | P1: Var_OM_Cost_per_MWh | Q1: Var_OM_Cost_per_MWh_In | R1: Self_Disch | S1: Eff_Up | T1: Eff_Down | U1: Min_Duration | V1: Max_Duration | W1: Reg_Max | X1: Rsv_Max | Y1: Reg_Cost | Z1: Rsv_Cost | AA1: LDS | AB1: region | AC1: cluster | AD1: Resource_Type | AE1: MGA
A2: BANC_Li_Battery | B2: 5 | C2: 1 | D2: 0 | E2: 0 | F2: =INDEX(capacity!$H$2:$H$852,MATCH(A2,capacity!$A$2:$A$852,0)) -> 0 | G2: =INDEX(capacity!$M$2:$M$852,MATCH(A2,capacity!$A$2:$A$852,0)) -> 0 | H2: -1 | I2: -1 | J2: 0 | K2: 0 | L2: 0 | M2: 0 | N2: 0 | O2: 0 | P2: 0.0001 | Q2: 0 | R2: 0 | S2: 0.85 | T2: 1 | U2: 0 | V2: 9999 | W2: 0 | X2: 0 | Y2: 0.01 | Z2: 0.01 | AA2: 0 | AB2: LDWP | AC2: 1 | AD2: Storage | AE2: 0
A3: BANC_Li_Battery_New_Planned | B3: 5 | C3: 1 | D3: 0 | E3: 0 | F3: =INDEX(capacity!$H$2:$H$852,MATCH(A3,capacity!$A$2:$A$852,0)) -> 1348 | G3: =INDEX(capacity!$M$2:$M$852,MATCH(A3,capacity!$A$2:$A$852,0)) -> 5392 | H3: -1 | I3: -1 | J3: 0 | K3: 0 | L3: 0 | M3: 0 | N3: 0 | O3: 0 | P3: 0.0001 | Q3: 0 | R3: 0 | S3: 0.85 | T3: 1 | U3: 0 | V3: 9999 | W3: 0 | X3: 0 | Y3: 0.01 | Z3: 0.01 | AA3: 0 | AB3: LDWP | AC3: 1 | AD3: Storage | AE3: 0
A4: CAISO_Adiabatic_CAES_24hr | B4: 2 | C4: 1 | D4: 0 | E4: 0 | F4: =INDEX(capacity!$H$2:$H$852,MATCH(A4,capacity!$A$2:$A$852,0)) -> 200 | G4: =INDEX(capacity!$M$2:$M$852,MATCH(A4,capacity!$A$2:$A$852,0)) -> 4800 | H4: -1 | I4: -1 | J4: 0 | K4: 0 | L4: 0 | M4: 0 | N4: 0 | O4: 0 | P4: 0.0001 | Q4: 0 | R4: 0 | S4: 0.6 | T4: 1 | U4: 24 | V4: 24 | W4: 1 | X4: 1 | Y4: 0.01 | Z4: 0.01 | AA4: 0 | AB4: CAISO | AC4: 1 | AD4: Storage | AE4: 1
A5: CAISO_Flow_Battery_8hr_Dispatch | B5: 2 | C5: 1 | D5: 0 | E5: 0 | F5: =INDEX(capacity!$H$2:$H$852,MATCH(A5,capacity!$A$2:$A$852,0)) -> 308 | G5: =INDEX(capacity!$M$2:$M$852,MATCH(A5,capacity!$A$2:$A$852,0)) -> 2464 | H5: -1 | I5: -1 | J5: 0 | K5: 0 | L5: 0 | M5: 0 | N5: 0 | O5: 0 | P5: 0.0001 | Q5: 0 | R5: 0 | S5: 0.7 | T5: 1 | U5: 8 | V5: 8 | W5: 1 | X5: 1 | Y5: 0.01 | Z5: 0.01 | AA5: 0 | AB5: CAISO | AC5: 1 | AD5: Storage | AE5: 1
A6: CAISO_Generic_Energy_Storage_100hr | B6: 2 | C6: 1 | D6: 0 | E6: 0 | F6: =INDEX(capacity!$H$2:$H$852,MATCH(A6,capacity!$A$2:$A$852,0)) -> 0 | G6: =INDEX(capacity!$M$2:$M$852,MATCH(A6,capacity!$A$2:$A$852,0)) -> 0 | H6: -1 | I6: -1 | J6: 266271.73 | K6: 0 | L6: 55440.961080199995 | M6: 0 | N6: 0 | O6: 0 | P6: 0.0001 | Q6: 0 | R6: 0 | S6: 0.45 | T6: 1 | U6: 100 | V6: 100 | W6: 1 | X6: 1 | Y6: 0.01 | Z6: 0.01 | AA6: 0 | AB6: CAISO | AC6: 1 | AD6: Storage | AE6: 0
A7: CAISO_Generic_Energy_Storage_24hr | B7: 2 | C7: 1 | D7: 0 | E7: 0 | F7: =INDEX(capacity!$H$2:$H$852,MATCH(A7,capacity!$A$2:$A$852,0)) -> 0 | G7: =INDEX(capacity!$M$2:$M$852,MATCH(A7,capacity!$A$2:$A$852,0)) -> 0 | H7: -1 | I7: -1 | J7: 0 | K7: 0 | L7: 0 | M7: 0 | N7: 0 | O7: 0 | P7: 0.0001 | Q7: 0 | R7: 0 | S7: 0.6 | T7: 1 | U7: 24 | V7: 24 | W7: 1 | X7: 1 | Y7: 0.01 | Z7: 0.01 | AA7: 0 | AB7: CAISO | AC7: 1 | AD7: Storage | AE7: 0
A8: CAISO_Li_Battery_4hr_Baseline | B8: 2 | C8: 1 | D8: 0 | E8: 0 | F8: =INDEX(capacity!$H$2:$H$852,MATCH(A8,capacity!$A$2:$A$852,0)) -> 8964.69 | G8: =INDEX(capacity!$M$2:$M$852,MATCH(A8,capacity!$A$2:$A$852,0)) -> 34846.33 | H8: -1 | I8: -1 | J8: 0 | K8: 0 | L8: 0 | M8: 0 | N8: 0 | O8: 0 | P8: 0.0001 | Q8: 0 | R8: 0 | S8: 0.85 | T8: 1 | U8: 0 | V8: 9999 | W8: 1 | X8: 1 | Y8: 0.01 | Z8: 0.01 | AA8: 0 | AB8: CAISO | AC8: 1 | AD8: Storage | AE8: 0
A9: CAISO_Li_Battery_4hr_Dispatch | B9: 2 | C9: 1 | D9: 0 | E9: 0 | F9: =INDEX(capacity!$H$2:$H$852,MATCH(A9,capacity!$A$2:$A$852,0)) -> 15707 | G9: =INDEX(capacity!$M$2:$M$852,MATCH(A9,capacity!$A$2:$A$852,0)) -> 62828 | H9: -1 | I9: -1 | J9: 0 | K9: 0 | L9: 0 | M9: 0 | N9: 0 | O9: 0 | P9: 0.0001 | Q9: 0 | R9: 0 | S9: 0.85 | T9: 1 | U9: 4 | V9: 4 | W9: 1 | X9: 1 | Y9: 0.01 | Z9: 0.01 | AA9: 0 | AB9: CAISO | AC9: 1 | AD9: Storage | AE9: 1
A10: CAISO_Li_Battery_8hr_Baseline | B10: 2 | C10: 1 | D10: 0 | E10: 0 | F10: =INDEX(capacity!$H$2:$H$852,MATCH(A10,capacity!$A$2:$A$852,0)) -> 210 | G10: =INDEX(capacity!$M$2:$M$852,MATCH(A10,capacity!$A$2:$A$852,0)) -> 2028 | H10: -1 | I10: -1 | J10: 0 | K10: 0 | L10: 0 | M10: 0 | N10: 0 | O10: 0 | P10: 0.0001 | Q10: 0 | R10: 0 | S10: 0.85 | T10: 1 | U10: 0 | V10: 9999 | W10: 1 | X10: 1 | Y10: 0.01 | Z10: 0.01 | AA10: 0 | AB10: CAISO | AC10: 1 | AD10: Storage | AE10: 0
A11: CAISO_Li_Battery_8hr_Dispatch | B11: 2 | C11: 1 | D11: 0 | E11: 0 | F11: =INDEX(capacity!$H$2:$H$852,MATCH(A11,capacity!$A$2:$A$852,0)) -> 2834 | G11: =INDEX(capacity!$M$2:$M$852,MATCH(A11,capacity!$A$2:$A$852,0)) -> 22672 | H11: -1 | I11: -1 | J11: 0 | K11: 0 | L11: 0 | M11: 0 | N11: 0 | O11: 0 | P11: 0.0001 | Q11: 0 | R11: 0 | S11: 0.85 | T11: 1 | U11: 8 | V11: 8 | W11: 1 | X11: 1 | Y11: 0.01 | Z11: 0.01 | AA11: 0 | AB11: CAISO | AC11: 1 | AD11: Storage | AE11: 1
A12: CAISO_New_Pumped_Storage_12hr | B12: 2 | C12: 1 | D12: 0 | E12: 0 | F12: =INDEX(capacity!$H$2:$H$852,MATCH(A12,capacity!$A$2:$A$852,0)) -> 477 | G12: =INDEX(capacity!$M$2:$M$852,MATCH(A12,capacity!$A$2:$A$852,0)) -> 5724 | H12: -1 | I12: -1 | J12: 0 | K12: 0 | L12: 0 | M12: 0 | N12: 0 | O12: 0 | P12: 0.0001 | Q12: 0 | R12: 0 | S12: 0.81 | T12: 1 | U12: 12 | V12: 12 | W12: 1 | X12: 1 | Y12: 0.01 | Z12: 0.01 | AA12: 0 | AB12: CAISO | AC12: 1 | AD12: Storage | AE12: 1
A13: CAISO_Pumped_Hydro | B13: 2 | C13: 1 | D13: 0 | E13: 0 | F13: =INDEX(capacity!$H$2:$H$852,MATCH(A13,capacity!$A$2:$A$852,0)) -> 1483.2 | G13: =INDEX(capacity!$M$2:$M$852,MATCH(A13,capacity!$A$2:$A$852,0)) -> 189725.8 | H13: -1 | I13: -1 | J13: 0 | K13: 0 | L13: 0 | M13: 0 | N13: 0 | O13: 0 | P13: 0.0001 | Q13: 0 | R13: 0 | S13: 0.649 | T13: 1 | U13: 0 | V13: 9999 | W13: 1 | X13: 1 | Y13: 0.01 | Z13: 0.01 | AA13: 0 | AB13: CAISO | AC13: 1 | AD13: Storage | AE13: 0
A14: IID_Li_Battery | B14: 4 | C14: 1 | D14: 0 | E14: 0 | F14: =INDEX(capacity!$H$2:$H$852,MATCH(A14,capacity!$A$2:$A$852,0)) -> 231 | G14: =INDEX(capacity!$M$2:$M$852,MATCH(A14,capacity!$A$2:$A$852,0)) -> 924 | H14: -1 | I14: -1 | J14: 0 | K14: 0 | L14: 0 | M14: 0 | N14: 0 | O14: 0 | P14: 0.0001 | Q14: 0 | R14: 0 | S14: 0.85 | T14: 1 | U14: 0 | V14: 9999 | W14: 0 | X14: 0 | Y14: 0.01 | Z14: 0.01 | AA14: 0 | AB14: IID | AC14: 1 | AD14: Storage | AE14: 0
A15: IID_Li_Battery_New_Planned | B15: 4 | C15: 1 | D15: 0 | E15: 0 | F15: =INDEX(capacity!$H$2:$H$852,MATCH(A15,capacity!$A$2:$A$852,0)) -> 0 | G15: =INDEX(capacity!$M$2:$M$852,MATCH(A15,capacity!$A$2:$A$852,0)) -> 0 | H15: -1 | I15: -1 | J15: 0 | K15: 0 | L15: 0 | M15: 0 | N15: 0 | O15: 0 | P15: 0.0001 | Q15: 0 | R15: 0 | S15: 0.85 | T15: 1 | U15: 0 | V15: 9999 | W15: 0 | X15: 0 | Y15: 0.01 | Z15: 0.01 | AA15: 0 | AB15: IID | AC15: 1 | AD15: Storage | AE15: 0
A16: LDWP_Li_Battery | B16: 5 | C16: 1 | D16: 0 | E16: 0 | F16: =INDEX(capacity!$H$2:$H$852,MATCH(A16,capacity!$A$2:$A$852,0)) -> 695 | G16: =INDEX(capacity!$M$2:$M$852,MATCH(A16,capacity!$A$2:$A$852,0)) -> 2480 | H16: -1 | I16: -1 | J16: 0 | K16: 0 | L16: 0 | M16: 0 | N16: 0 | O16: 0 | P16: 0.0001 | Q16: 0 | R16: 0 | S16: 0.85 | T16: 1 | U16: 0 | V16: 9999 | W16: 0 | X16: 0 | Y16: 0.01 | Z16: 0.01 | AA16: 0 | AB16: LDWP | AC16: 1 | AD16: Storage | AE16: 0
A17: LDWP_Li_Battery_New_Planned | B17: 5 | C17: 1 | D17: 0 | E17: 0 | F17: =INDEX(capacity!$H$2:$H$852,MATCH(A17,capacity!$A$2:$A$852,0)) -> 1255 | G17: =INDEX(capacity!$M$2:$M$852,MATCH(A17,capacity!$A$2:$A$852,0)) -> 5020 | H17: -1 | I17: -1 | J17: 0 | K17: 0 | L17: 0 | M17: 0 | N17: 0 | O17: 0 | P17: 0.0001 | Q17: 0 | R17: 0 | S17: 0.85 | T17: 1 | U17: 0 | V17: 9999 | W17: 0 | X17: 0 | Y17: 0.01 | Z17: 0.01 | AA17: 0 | AB17: LDWP | AC17: 1 | AD17: Storage | AE17: 0
A18: LDWP_Pumped_Hydro | B18: 5 | C18: 1 | D18: 0 | E18: 0 | F18: =INDEX(capacity!$H$2:$H$852,MATCH(A18,capacity!$A$2:$A$852,0)) -> 1460 | G18: =INDEX(capacity!$M$2:$M$852,MATCH(A18,capacity!$A$2:$A$852,0)) -> 34464.274 | H18: -1 | I18: -1 | J18: 0 | K18: 0 | L18: 0 | M18: 0 | N18: 0 | O18: 0 | P18: 0.0001 | Q18: 0 | R18: 0 | S18: 0.75 | T18: 1 | U18: 0 | V18: 9999 | W18: 0 | X18: 0 | Y18: 0.01 | Z18: 0.01 | AA18: 0 | AB18: LDWP | AC18: 1 | AD18: Storage | AE18: 0
... A24: SW_Pumped_Hydro | B24: 7 | C24: 1 | D24: 0 | E24: 0 | F24: =INDEX(capacity!$H$2:$H$852,MATCH(A24,capacity!$A$2:$A$852,0)) -> 969.6 | G24: =INDEX(capacity!$M$2:$M$852,MATCH(A24,capacity!$A$2:$A$852,0)) -> 129054 | H24: -1 | I24: -1 | J24: 0 | K24: 0 | L24: 0 | M24: 0 | N24: 0 | O24: 0 | P24: 0.0001 | Q24: 0 | R24: 0 | S24: 0.625 | T24: 1 | U24: 0 | V24: 9999 | W24: 0 | X24: 0 | Y24: 0.01 | Z24: 0.01 | AA24: 0 | AB24: SW | AC24: 1 | AD24: Storage | AE24: 0

Sheet capacity
A1: Resource | B1: Zone | C1: Retrofit_Id | D1: StartCap | E1: RetCap | F1: RetroCap | G1: NewCap | H1: EndCap | I1: CapacityConstraintDual | J1: StartEnergyCap | K1: RetEnergyCap | L1: NewEnergyCap | M1: EndEnergyCap | N1: StartChargeCap | O1: RetChargeCap | P1: NewChargeCap | Q1: EndChargeCap
A2: BANC_Hydro | B2: 1 | C2: None | D2: 2040 | E2: 0 | F2: 0 | G2: 0 | H2: 2040 | I2: 0 | J2: 0 | K2: 0 | L2: 0 | M2: 0 | N2: 0 | O2: 0 | P2: 0 | Q2: 0
A3: CAISO_Hydro | B3: 2 | C3: None | D3: 6661.9068 | E3: 0 | F3: 0 | G3: 0 | H3: 6661.9068 | I3: 0 | J3: 0 | K3: 0 | L3: 0 | M3: 0 | N3: 0 | O3: 0 | P3: 0 | Q3: 0
A4: LDWP_Hydro | B4: 5 | C4: None | D4: 1005.4572 | E4: 0 | F4: 0 | G4: 0 | H4: 1005.4572 | I4: 0 | J4: 0 | K4: 0 | L4: 0 | M4: 0 | N4: 0 | O4: 0 | P4: 0 | Q4: 0
A5: NW_Hydro | B5: 6 | C5: None | D5: 20527.894 | E5: 0 | F5: 0 | G5: 0 | H5: 20527.894 | I5: 0 | J5: 0 | K5: 0 | L5: 0 | M5: 0 | N5: 0 | O5: 0 | P5: 0 | Q5: 0
A6: NW_Hydro_for_CAISO | B6: 3 | C6: None | D6: 1860.9395 | E6: 0 | F6: 0 | G6: 0 | H6: 1860.9395 | I6: 0 | J6: 0 | K6: 0 | L6: 0 | M6: 0 | N6: 0 | O6: 0 | P6: 0 | Q6: 0
A7: SW_Hydro | B7: 7 | C7: None | D7: 2594.1218 | E7: 0 | F7: 0 | G7: 0 | H7: 2594.1218 | I7: 0 | J7: 0 | K7: 0 | L7: 0 | M7: 0 | N7: 0 | O7: 0 | P7: 0 | Q7: 0
A8: BANC_Biogas | B8: 1 | C8: None | D8: 17.5 | E8: 0 | F8: 0 | G8: 0 | H8: 17.5 | I8: 0 | J8: 0 | K8: 0 | L8: 0 | M8: 0 | N8: 0 | O8: 0 | P8: 0 | Q8: 0
A9: BANC_Biomass | B9: 1 | C9: None | D9: 0.69 | E9: 0 | F9: 0 | G9: 0 | H9: 0.69 | I9: 0 | J9: 0 | K9: 0 | L9: 0 | M9: 0 | N9: 0 | O9: 0 | P9: 0 | Q9: 0
A10: BANC_CCGT1 | B10: 1 | C10: None | D10: 847.3 | E10: 0 | F10: 0 | G10: 0 | H10: 847.3 | I10: 0 | J10: 0 | K10: 0 | L10: 0 | M10: 0 | N10: 0 | O10: 0 | P10: 0 | Q10: 0
A11: BANC_CCGT2 | B11: 1 | C11: None | D11: 674.2 | E11: 0 | F11: 0 | G11: 0 | H11: 674.2 | I11: 0 | J11: 0 | K11: 0 | L11: 0 | M11: 0 | N11: 0 | O11: 0 | P11: 0 | Q11: 0
A12: BANC_Geothermal | B12: 1 | C12: None | D12: 69.5 | E12: 0 | F12: 0 | G12: 0 | H12: 69.5 | I12: 0 | J12: 0 | K12: 0 | L12: 0 | M12: 0 | N12: 0 | O12: 0 | P12: 0 | Q12: 0
A13: BANC_Geothermal_New_Planned | B13: 1 | C13: None | D13: 215 | E13: 0 | F13: 0 | G13: 0 | H13: 215 | I13: 0 | J13: 0 | K13: 0 | L13: 0 | M13: 0 | N13: 0 | O13: 0 | P13: 0 | Q13: 0
... A88: Utah_Geothermal | B88: 2 | C88: None | D88: 0 | E88: 0 | F88: 0 | G88: 0 | H88: 0 | I88: 0 | J88: 0 | K88: 0 | L88: 0 | M88: 0 | N88: 0 | O88: 0 | P88: 0 | Q88: 0
A89: Arizona_Solar | B89: 2 | C89: None | D89: 0 | E89: 0 | F89: 0 | G89: 13809.287175333873 | H89: 13809.287175333873 | I89: 0 | J89: 0 | K89: 0 | L89: 0 | M89: 0 | N89: 0 | O89: 0 | P89: 0 | Q89: 0
A90: BANC_Solar | B90: 1 | C90: None | D90: 488.2 | E90: 0 | F90: 0 | G90: 0 | H90: 488.2 | I90: 0 | J90: 0 | K90: 0 | L90: 0 | M90: 0 | N90: 0 | O90: 0 | P90: 0 | Q90: 0
A91: BANC_Solar_New_Planned | B91: 1 | C91: None | D91: 3625 | E91: 0 | F91: 0 | G91: 0 | H91: 3625 | I91: 0 | J91: 0 | K91: 0 | L91: 0 | M91: 0 | N91: 0 | O91: 0 | P91: 0 | Q91: 0
A92: BANC_Wind | B92: 1 | C92: None | D92: 429.98 | E92: 0 | F92: 0 | G92: 0 | H92: 429.98 | I92: 0 | J92: 0 | K92: 0 | L92: 0 | M92: 0 | N92: 0 | O92: 0 | P92: 0 | Q92: 0
A93: BANC_Wind_New_Planned | B93: 1 | C93: None | D93: 1734 | E93: 0 | F93: 0 | G93: 0 | H93: 1734 | I93: 0 | J93: 0 | K93: 0 | L93: 0 | M93: 0 | N93: 0 | O93: 0 | P93: 0 | Q93: 0
A94: Baja_California_Wind | B94: 2 | C94: None | D94: 0 | E94: 0 | F94: 0 | G94: 2472.82 | H94: 2472.82 | I94: 0 | J94: 0 | K94: 0 | L94: 0 | M94: 0 | N94: 0 | O94: 0 | P94: 0 | Q94: 0
A95: CAISO_Solar | B95: 2 | C95: None | D95: 19037.3 | E95: 0 | F95: 0 | G95: 0 | H95: 19037.3 | I95: 0 | J95: 0 | K95: 0 | L95: 0 | M95: 0 | N95: 0 | O95: 0 | P95: 0 | Q95: 0
A96: CAISO_Wind | B96: 2 | C96: None | D96: 7789.09 | E96: 0 | F96: 0 | G96: 0 | H96: 7789.09 | I96: 0 | J96: 0 | K96: 0 | L96: 0 | M96: 0 | N96: 0 | O96: 0 | P96: 0 | Q96: 0
A97: Cape_Mendocino_Offshore_Wind | B97: 2 | C97: None | D97: 0 | E97: 0 | F97: 0 | G97: 0 | H97: 0 | I97: 0 | J97: 0 | K97: 0 | L97: 0 | M97: 0 | N97: 0 | O97: 0 | P97: 0 | Q97: 0
A98: Central_Valley_North_Los_Banos_Wind | B98: 2 | C98: None | D98: 0 | E98: 0 | F98: 0 | G98: 32 | H98: 32 | I98: 0 | J98: 0 | K98: 0 | L98: 0 | M98: 0 | N98: 0 | O98: 0 | P98: 0 | Q98: 0
A99: Del_Norte_Offshore_Wind | B99: 2 | C99: None | D99: 0 | E99: 0 | F99: 0 | G99: 0 | H99: 0 | I99: 0 | J99: 0 | K99: 0 | L99: 0 | M99: 0 | N99: 0 | O99: 0 | P99: 0 | Q99: 0
A100: Distributed_Solar | B100: 2 | C100: None | D100: 0 | E100: 0 | F100: 0 | G100: 0 | H100: 0 | I100: 0 | J100: 0 | K100: 0 | L100: 0 | M100: 0 | N100: 0 | O100: 0 | P100: 0 | Q100: 0
A101: Greater_Imperial_Solar | B101: 2 | C101: None | D101: 0 | E101: 0 | F101: 0 | G101: 39 | H101: 39 | I101: 0 | J101: 0 | K101: 0 | L101: 0 | M101: 0 | N101: 0 | O101: 0 | P101: 0 | Q101: 0
A102: Greater_Imperial_Wind | B102: 2 | C102: None | D102: 0 | E102: 0 | F102: 0 | G102: 133.20504 | H102: 133.20504 | I102: 0 | J102: 0 | K102: 0 | L102: 0 | M102: 0 | N102: 0 | O102: 0 | P102: 0 | Q102: 0
A103: Greater_Kramer_Solar | B103: 2 | C103: None | D103: 0 | E103: 0 | F103: 0 | G103: 1423.3766233766235 | H103: 1423.3766233766235 | I103: 0 | J103: 0 | K103: 0 | L103: 0 | M103: 0 | N103: 0 | O103: 0 | P103: 0 | Q103: 0
A104: Greater_LA_Solar | B104: 2 | C104: None | D104: 0 | E104: 0 | F104: 0 | G104: 0 | H104: 0 | I104: 0 | J104: 0 | K104: 0 | L104: 0 | M104: 0 | N104: 0 | O104: 0 | P104: 0 | Q104: 0
A105: Humboldt_Bay_Offshore_Wind | B105: 2 | C105: None | D105: 0 | E105: 0 | F105: 0 | G105: 0 | H105: 0 | I105: 0 | J105: 0 | K105: 0 | L105: 0 | M105: 0 | N105: 0 | O105: 0 | P105: 0 | Q105: 0
A106: IID_Solar | B106: 4 | C106: None | D106: 545.8 | E106: 0 | F106: 0 | G106: 0 | H106: 545.8 | I106: 0 | J106: 0 | K106: 0 | L106: 0 | M106: 0 | N106: 0 | O106: 0 | P106: 0 | Q106: 0
A107: IID_Solar_New_Planned | B107: 4 | C107: None | D107: 435 | E107: 0 | F107: 0 | G107: 0 | H107: 435 | I107: 0 | J107: 0 | K107: 0 | L107: 0 | M107: 0 | N107: 0 | O107: 0 | P107: 0 | Q107: 0
A108: Idaho_Wind | B108: 2 | C108: None | D108: 0 | E108: 0 | F108: 0 | G108: 300 | H108: 300 | I108: 0 | J108: 0 | K108: 0 | L108: 0 | M108: 0 | N108: 0 | O108: 0 | P108: 0 | Q108: 0
A109: LDWP_Solar | B109: 5 | C109: None | D109: 2462.12 | E109: 0 | F109: 0 | G109: 0 | H109: 2462.12 | I109: 0 | J109: 0 | K109: 0 | L109: 0 | M109: 0 | N109: 0 | O109: 0 | P109: 0 | Q109: 0
A110: LDWP_Solar_New_Planned | B110: 5 | C110: None | D110: 1790 | E110: 0 | F110: 0 | G110: 0 | H110: 1790 | I110: 0 | J110: 0 | K110: 0 | L110: 0 | M110: 0 | N110: 0 | O110: 0 | P110: 0 | Q110: 0
A111: LDWP_Wind | B111: 5 | C111: None | D111: 423.5 | E111: 0 | F111: 0 | G111: 0 | H111: 423.5 | I111: 0 | J111: 0 | K111: 0 | L111: 0 | M111: 0 | N111: 0 | O111: 0 | P111: 0 | Q111: 0
A112: LDWP_Wind_New_Planned | B112: 5 | C112: None | D112: 2750 | E112: 0 | F112: 0 | G112: 0 | H112: 2750 | I112: 0 | J112: 0 | K112: 0 | L112: 0 | M112: 0 | N112: 0 | O112: 0 | P112: 0 | Q112: 0
A113: Morro_Bay_Offshore_Wind | B113: 2 | C113: None | D113: 0 | E113: 0 | F113: 0 | G113: 4531 | H113: 4531 | I113: 0 | J113: 0 | K113: 0 | L113: 0 | M113: 0 | N113: 0 | O113: 0 | P113: 0 | Q113: 0
A114: NW_Solar | B114: 6 | C114: None | D114: 3065.47 | E114: 0 | F114: 0 | G114: 0 | H114: 3065.47 | I114: 0 | J114: 0 | K114: 0 | L114: 0 | M114: 0 | N114: 0 | O114: 0 | P114: 0 | Q114: 0
A115: NW_Solar_New_Planned | B115: 6 | C115: None | D115: 5162.97 | E115: 0 | F115: 0 | G115: 0 | H115: 5162.97 | I115: 0 | J115: 0 | K115: 0 | L115: 0 | M115: 0 | N115: 0 | O115: 0 | P115: 0 | Q115: 0
... A117: NW_Wind_New_Planned | B117: 6 | C117: None | D117: 9690.02 | E117: 0 | F117: 0 | G117: 0 | H117: 9690.02 | I117: 0 | J117: 0 | K117: 0 | L117: 0 | M117: 0 | N117: 0 | O117: 0 | P117: 0 | Q117: 0
A118: New_Mexico_Wind | B118: 2 | C118: None | D118: 0 | E118: 0 | F118: 0 | G118: 2824.039827632461 | H118: 2824.039827632461 | I118: 0 | J118: 0 | K118: 0 | L118: 0 | M118: 0 | N118: 0 | O118: 0 | P118: 0 | Q118: 0
A119: Northern_California_Solar | B119: 2 | C119: None | D119: 0 | E119: 0 | F119: 0 | G119: 126 | H119: 126 | I119: 0 | J119: 0 | K119: 0 | L119: 0 | M119: 0 | N119: 0 | O119: 0 | P119: 0 | Q119: 0
A120: Northern_California_Wind | B120: 2 | C120: None | D120: 0 | E120: 0 | F120: 0 | G120: 1978.853568448802 | H120: 1978.853568448802 | I120: 0 | J120: 0 | K120: 0 | L120: 0 | M120: 0 | N120: 0 | O120: 0 | P120: 0 | Q120: 0
A121: Riverside_Solar | B121: 2 | C121: None | D121: 0 | E121: 0 | F121: 0 | G121: 659 | H121: 659 | I121: 0 | J121: 0 | K121: 0 | L121: 0 | M121: 0 | N121: 0 | O121: 0 | P121: 0 | Q121: 0
A122: SW_Solar | B122: 7 | C122: None | D122: 12099.82 | E122: 0 | F122: 0 | G122: 0 | H122: 12099.82 | I122: 0 | J122: 0 | K122: 0 | L122: 0 | M122: 0 | N122: 0 | O122: 0 | P122: 0 | Q122: 0
A123: SW_Solar_New_Planned | B123: 7 | C123: None | D123: 15284.25 | E123: 0 | F123: 0 | G123: 0 | H123: 15284.25 | I123: 0 | J123: 0 | K123: 0 | L123: 0 | M123: 0 | N123: 0 | O123: 0 | P123: 0 | Q123: 0
A124: SW_Wind | B124: 7 | C124: None | D124: 910.8 | E124: 0 | F124: 0 | G124: 0 | H124: 910.8 | I124: 0 | J124: 0 | K124: 0 | L124: 0 | M124: 0 | N124: 0 | O124: 0 | P124: 0 | Q124: 0
A125: SW_Wind_New_Planned | B125: 7 | C125: None | D125: 2996.9167 | E125: 0 | F125: 0 | G125: 0 | H125: 2996.9167 | I125: 0 | J125: 0 | K125: 0 | L125: 0 | M125: 0 | N125: 0 | O125: 0 | P125: 0 | Q125: 0
A126: Solano_Wind | B126: 2 | C126: None | D126: 0 | E126: 0 | F126: 0 | G126: 104 | H126: 104 | I126: 0 | J126: 0 | K126: 0 | L126: 0 | M126: 0 | N126: 0 | O126: 0 | P126: 0 | Q126: 0
A127: Southern_NV_Eldorado_Solar | B127: 2 | C127: None | D127: 0 | E127: 0 | F127: 0 | G127: 5290.6719 | H127: 5290.6719 | I127: 0 | J127: 0 | K127: 0 | L127: 0 | M127: 0 | N127: 0 | O127: 0 | P127: 0 | Q127: 0
A128: Southern_NV_Eldorado_Wind | B128: 2 | C128: None | D128: 0 | E128: 0 | F128: 0 | G128: 711.19908 | H128: 711.19908 | I128: 0 | J128: 0 | K128: 0 | L128: 0 | M128: 0 | N128: 0 | O128: 0 | P128: 0 | Q128: 0
A129: Southern_PGAE_Solar | B129: 2 | C129: None | D129: 0 | E129: 0 | F129: 0 | G129: 247 | H129: 247 | I129: 0 | J129: 0 | K129: 0 | L129: 0 | M129: 0 | N129: 0 | O129: 0 | P129: 0 | Q129: 0
A130: Tehachapi_Solar | B130: 2 | C130: None | D130: 0 | E130: 0 | F130: 0 | G130: 6266.1381 | H130: 6266.1381 | I130: 0 | J130: 0 | K130: 0 | L130: 0 | M130: 0 | N130: 0 | O130: 0 | P130: 0 | Q130: 0
A131: Tehachapi_Wind | B131: 2 | C131: None | D131: 0 | E131: 0 | F131: 0 | G131: 156 | H131: 156 | I131: 0 | J131: 0 | K131: 0 | L131: 0 | M131: 0 | N131: 0 | O131: 0 | P131: 0 | Q131: 0
A132: Utah_Wind | B132: 2 | C132: None | D132: 0 | E132: 0 | F132: 0 | G132: 0 | H132: 0 | I132: 0 | J132: 0 | K132: 0 | L132: 0 | M132: 0 | N132: 0 | O132: 0 | P132: 0 | Q132: 0
A133: Wyoming_Wind | B133: 2 | C133: None | D133: 0 | E133: 0 | F133: 0 | G133: 2425.2604386219646 | H133: 2425.2604386219646 | I133: 0 | J133: 0 | K133: 0 | L133: 0 | M133: 0 | N133: 0 | O133: 0 | P133: 0 | Q133: 0
A134: BANC_Li_Battery | B134: 5 | C134: None | D134: 0 | E134: 0 | F134: 0 | G134: 0 | H134: 0 | I134: 0 | J134: 0 | K134: 0 | L134: 0 | M134: 0 | N134: 0 | O134: 0 | P134: 0 | Q134: 0
A135: BANC_Li_Battery_New_Planned | B135: 5 | C135: None | D135: 1348 | E135: 0 | F135: 0 | G135: 0 | H135: 1348 | I135: 0 | J135: 5392 | K135: 0 | L135: 0 | M135: 5392 | N135: 0 | O135: 0 | P135: 0 | Q135: 0
A136: CAISO_Adiabatic_CAES_24hr | B136: 2 | C136: None | D136: 0 | E136: 0 | F136: 0 | G136: 200 | H136: 200 | I136: 0 | J136: 0 | K136: 0 | L136: 4800 | M136: 4800 | N136: 0 | O136: 0 | P136: 0 | Q136: 0
A137: CAISO_Flow_Battery_8hr_Dispatch | B137: 2 | C137: None | D137: 0 | E137: 0 | F137: 0 | G137: 308 | H137: 308 | I137: 0 | J137: 0 | K137: 0 | L137: 2464 | M137: 2464 | N137: 0 | O137: 0 | P137: 0 | Q137: 0
A138: CAISO_Generic_Energy_Storage_100hr | B138: 2 | C138: None | D138: 0 | E138: 0 | F138: 0 | G138: 0 | H138: 0 | I138: 0 | J138: 0 | K138: 0 | L138: 0 | M138: 0 | N138: 0 | O138: 0 | P138: 0 | Q138: 0
A139: CAISO_Generic_Energy_Storage_24hr | B139: 2 | C139: None | D139: 0 | E139: 0 | F139: 0 | G139: 0 | H139: 0 | I139: 0 | J139: 0 | K139: 0 | L139: 0 | M139: 0 | N139: 0 | O139: 0 | P139: 0 | Q139: 0
A140: CAISO_Li_Battery_4hr_Baseline | B140: 2 | C140: None | D140: 8964.69 | E140: 0 | F140: 0 | G140: 0 | H140: 8964.69 | I140: 0 | J140: 34846.33 | K140: 0 | L140: 0 | M140: 34846.33 | N140: 0 | O140: 0 | P140: 0 | Q140: 0
A141: CAISO_Li_Battery_4hr_Dispatch | B141: 2 | C141: None | D141: 0 | E141: 0 | F141: 0 | G141: 15707 | H141: 15707 | I141: 0 | J141: 0 | K141: 0 | L141: 62828 | M141: 62828 | N141: 0 | O141: 0 | P141: 0 | Q141: 0
A142: CAISO_Li_Battery_8hr_Baseline | B142: 2 | C142: None | D142: 210 | E142: 0 | F142: 0 | G142: 0 | H142: 210 | I142: 0 | J142: 2028 | K142: 0 | L142: 0 | M142: 2028 | N142: 0 | O142: 0 | P142: 0 | Q142: 0
A143: CAISO_Li_Battery_8hr_Dispatch | B143: 2 | C143: None | D143: 0 | E143: 0 | F143: 0 | G143: 2834 | H143: 2834 | I143: 0 | J143: 0 | K143: 0 | L143: 22672 | M143: 22672 | N143: 0 | O143: 0 | P143: 0 | Q143: 0
A144: CAISO_New_Pumped_Storage_12hr | B144: 2 | C144: None | D144: 0 | E144: 0 | F144: 0 | G144: 477 | H144: 477 | I144: 0 | J144: 0 | K144: 0 | L144: 5724 | M144: 5724 | N144: 0 | O144: 0 | P144: 0 | Q144: 0
A145: CAISO_Pumped_Hydro | B145: 2 | C145: None | D145: 1483.2 | E145: 0 | F145: 0 | G145: 0 | H145: 1483.2 | I145: 0 | J145: 189725.8 | K145: 0 | L145: 0 | M145: 189725.8 | N145: 0 | O145: 0 | P145: 0 | Q145: 0
... A177: Arizona_Solar_48 | B177: 0 | C177: None | D177: 0 | E177: 0 | F177: 0 | G177: 0 | H177: 0 | I177: 0 | J177: 0 | K177: 0 | L177: 0 | M177: 0 | N177: 0 | O177: 0 | P177: 0 | Q177: 0
A178: Arizona_Solar_55 | B178: 0 | C178: None | D178: 0 | E178: 0 | F178: 0 | G178: 7835.2612 | H178: 7835.2612 | I178: 361.1235804349344 | J178: 0 | K178: 0 | L178: 0 | M178: 0 | N178: 0 | O178: 0 | P178: 0 | Q178: 0
A179: Arizona_Solar_62 | B179: 0 | C179: None | D179: 0 | E179: 0 | F179: 0 | G179: 0 | H179: 0 | I179: 0 | J179: 0 | K179: 0 | L179: 0 | M179: 0 | N179: 0 | O179: 0 | P179: 0 | Q179: 0
A180: Arizona_Solar_77 | B180: 0 | C180: None | D180: 0 | E180: 0 | F180: 0 | G180: 5974.0259740259735 | H180: 5974.0259740259735 | I180: 0 | J180: 0 | K180: 0 | L180: 0 | M180: 0 | N180: 0 | O180: 0 | P180: 0 | Q180: 0
A181: Arizona_Solar_90 | B181: 0 | C181: None | D181: 0 | E181: 0 | F181: 0 | G181: 0 | H181: 0 | I181: 0 | J181: 0 | K181: 0 | L181: 0 | M181: 0 | N181: 0 | O181: 0 | P181: 0 | Q181: 0
A182: Baja_California_Wind_133 | B182: 0 | C182: None | D182: 0 | E182: 0 | F182: 0 | G182: 2472.82 | H182: 2472.82 | I182: 10032.122787820364 | J182: 0 | K182: 0 | L182: 0 | M182: 0 | N182: 0 | O182: 0 | P182: 0 | Q182: 0
A183: Bell_Placer_group | B183: 0 | C183: None | D183: 0 | E183: 0 | F183: 0 | G183: 0 | H183: 0 | I183: 0 | J183: 0 | K183: 0 | L183: 0 | M183: 0 | N183: 0 | O183: 0 | P183: 0 | Q183: 0
A184: Borden_Storey_group | B184: 0 | C184: None | D184: 0 | E184: 0 | F184: 0 | G184: 0 | H184: 0 | I184: 0 | J184: 0 | K184: 0 | L184: 0 | M184: 0 | N184: 0 | O184: 0 | P184: 0 | Q184: 0
A185: Calcite_Lugo_group | B185: 0 | C185: None | D185: 0 | E185: 0 | F185: 0 | G185: 0 | H185: 0 | I185: 0 | J185: 0 | K185: 0 | L185: 0 | M185: 0 | N185: 0 | O185: 0 | P185: 0 | Q185: 0
A186: Capistrano_San_Onofre_group | B186: 0 | C186: None | D186: 0 | E186: 0 | F186: 0 | G186: 0 | H186: 0 | I186: 0 | J186: 0 | K186: 0 | L186: 0 | M186: 0 | N186: 0 | O186: 0 | P186: 0 | Q186: 0
A187: Carberry_Round_Mt_group | B187: 0 | C187: None | D187: 0 | E187: 0 | F187: 0 | G187: 0 | H187: 0 | I187: 0 | J187: 0 | K187: 0 | L187: 0 | M187: 0 | N187: 0 | O187: 0 | P187: 0 | Q187: 0
A188: Central_Nevada_Geothermal_42 | B188: 0 | C188: None | D188: 0 | E188: 0 | F188: 0 | G188: 40 | H188: 40 | I188: 0 | J188: 0 | K188: 0 | L188: 0 | M188: 0 | N188: 0 | O188: 0 | P188: 0 | Q188: 0
A189: Central_Valley_North_Los_Banos_Biomass_47 | B189: 0 | C189: None | D189: 0 | E189: 0 | F189: 0 | G189: 37.41944408629999 | H189: 37.41944408629999 | I189: 0 | J189: 0 | K189: 0 | L189: 0 | M189: 0 | N189: 0 | O189: 0 | P189: 0 | Q189: 0
A190: Central_Valley_North_Los_Banos_Wind_125 | B190: 0 | C190: None | D190: 0 | E190: 0 | F190: 0 | G190: 0 | H190: 0 | I190: 0 | J190: 0 | K190: 0 | L190: 0 | M190: 0 | N190: 0 | O190: 0 | P190: 0 | Q190: 0
A191: Central_Valley_North_Los_Banos_Wind_154 | B191: 0 | C191: None | D191: 0 | E191: 0 | F191: 0 | G191: 0 | H191: 0 | I191: 0 | J191: 0 | K191: 0 | L191: 0 | M191: 0 | N191: 0 | O191: 0 | P191: 0 | Q191: 0
A192: Central_Valley_North_Los_Banos_Wind_162 | B192: 0 | C192: None | D192: 0 | E192: 0 | F192: 0 | G192: 0 | H192: 0 | I192: 0 | J192: 0 | K192: 0 | L192: 0 | M192: 0 | N192: 0 | O192: 0 | P192: 0 | Q192: 0
A193: Central_Valley_North_Los_Banos_Wind_17 | B193: 0 | C193: None | D193: 0 | E193: 0 | F193: 0 | G193: 32 | H193: 32 | I193: 0 | J193: 0 | K193: 0 | L193: 0 | M193: 0 | N193: 0 | O193: 0 | P193: 0 | Q193: 0
A194: Chicarita_138_group | B194: 0 | C194: None | D194: 0 | E194: 0 | F194: 0 | G194: 0 | H194: 0 | I194: 0 | J194: 0 | K194: 0 | L194: 0 | M194: 0 | N194: 0 | O194: 0 | P194: 0 | Q194: 0
A195: Collinsville_500_group | B195: 0 | C195: None | D195: 0 | E195: 0 | F195: 0 | G195: 978 | H195: 978 | I195: 0 | J195: 0 | K195: 0 | L195: 0 | M195: 0 | N195: 0 | O195: 0 | P195: 0 | Q195: 0
A196: Colorado_River_230_group | B196: 0 | C196: None | D196: 0 | E196: 0 | F196: 0 | G196: 0 | H196: 0 | I196: 0 | J196: 0 | K196: 0 | L196: 0 | M196: 0 | N196: 0 | O196: 0 | P196: 0 | Q196: 0
A197: Colorado_River_Red_Bluff_group | B197: 0 | C197: None | D197: 0 | E197: 0 | F197: 0 | G197: 588 | H197: 588 | I197: 2039.833275844162 | J197: 0 | K197: 0 | L197: 0 | M197: 0 | N197: 0 | O197: 0 | P197: 0 | Q197: 0
A198: Contra_Costa_Tesla_Newark_group | B198: 0 | C198: None | D198: 0 | E198: 0 | F198: 0 | G198: 0 | H198: 0 | I198: 0 | J198: 0 | K198: 0 | L198: 0 | M198: 0 | N198: 0 | O198: 0 | P198: 0 | Q198: 0
A199: Control_Inyokern_group | B199: 0 | C199: None | D199: 0 | E199: 0 | F199: 0 | G199: 0 | H199: 0 | I199: 0 | J199: 0 | K199: 0 | L199: 0 | M199: 0 | N199: 0 | O199: 0 | P199: 0 | Q199: 0
A200: Cortina_Eagle_Rock_group | B200: 0 | C200: None | D200: 0 | E200: 0 | F200: 0 | G200: 0 | H200: 0 | I200: 0 | J200: 0 | K200: 0 | L200: 0 | M200: 0 | N200: 0 | O200: 0 | P200: 0 | Q200: 0
A201: DCRT_group | B201: 0 | C201: None | D201: 0 | E201: 0 | F201: 0 | G201: 0 | H201: 0 | I201: 0 | J201: 0 | K201: 0 | L201: 0 | M201: 0 | N201: 0 | O201: 0 | P201: 0 | Q201: 0
A202: Dairyland_Chowchilla_group | B202: 0 | C202: None | D202: 0 | E202: 0 | F202: 0 | G202: 0 | H202: 0 | I202: 0 | J202: 0 | K202: 0 | L202: 0 | M202: 0 | N202: 0 | O202: 0 | P202: 0 | Q202: 0
A203: Del_Amo_Barre_group | B203: 0 | C203: None | D203: 0 | E203: 0 | F203: 0 | G203: 0 | H203: 0 | I203: 0 | J203: 0 | K203: 0 | L203: 0 | M203: 0 | N203: 0 | O203: 0 | P203: 0 | Q203: 0
A204: Devers_Red_Bluff_group | B204: 0 | C204: None | D204: 0 | E204: 0 | F204: 0 | G204: 5000 | H204: 5000 | I204: 2039.8332758441684 | J204: 0 | K204: 0 | L204: 0 | M204: 0 | N204: 0 | O204: 0 | P204: 0 | Q204: 0
A205: Diablo_Midway_4_group | B205: 0 | C205: None | D205: 0 | E205: 0 | F205: 0 | G205: 0 | H205: 0 | I205: 0 | J205: 0 | K205: 0 | L205: 0 | M205: 0 | N205: 0 | O205: 0 | P205: 0 | Q205: 0
A206: East_Miguel_group | B206: 0 | C206: None | D206: 0 | E206: 0 | F206: 0 | G206: 2823 | H206: 2823 | I206: 3.6356896999941455 | J206: 0 | K206: 0 | L206: 0 | M206: 0 | N206: 0 | O206: 0 | P206: 0 | Q206: 0
...
